,term,variable,value,p,padj
123,KEGG_MM_GLUTATHIONE_METABOLISM,CTL,0.00018551433893449824,0.00018551433893449824,0.0021519663316401797
170,KEGG_MM_PI3K-AKT_SIGNALING_PATHWAY,CTL,3.830295379172297e-12,3.830295379172297e-12,1.092576058977016e-11
