,term,variable,value,p,padj
57,KEGG_MM_IL-17_SIGNALING_PATHWAY,aPD1,0.0013553848143578527,0.0013553848143578527,0.0024453795951351466
130,KEGG_MM_AGE-RAGE_SIGNALING_PATHWAY_IN_DIABETIC_COMPLICATIONS,CTL,2.7529707896409964e-06,2.7529707896409964e-06,3.3503135081480053e-06
138,KEGG_MM_ARACHIDONIC_ACID_METABOLISM,CTL,0.015470968183005885,0.015470968183005885,0.029349336700114106
