,term,variable,value,p,padj
57,KEGG_MM_IL-17_SIGNALING_PATHWAY,aPD1,0.0020882695004285777,0.0020882695004285777,0.0032069853042296015
130,KEGG_MM_AGE-RAGE_SIGNALING_PATHWAY_IN_DIABETIC_COMPLICATIONS,CTL,3.2831659344444103e-06,3.2831659344444103e-06,4.0529034023285065e-06
