,term,variable,value,p,padj
130,KEGG_MM_AGE-RAGE_SIGNALING_PATHWAY_IN_DIABETIC_COMPLICATIONS,CTL,5.951441448853927e-06,5.951441448853927e-06,0.0015354718938043132
168,KEGG_MM_GLUTATHIONE_METABOLISM,CTL,0.0006542320013462666,0.0006542320013462666,0.02813197605788946
209,KEGG_MM_PI3K-AKT_SIGNALING_PATHWAY,CTL,1.8033786263522978e-09,1.8033786263522978e-09,4.699713995948413e-09
238,KEGG_MM_TGF-BETA_SIGNALING_PATHWAY,CTL,0.013513905065759568,0.013513905065759568,0.04528035723332426
