,pvn,nvp,term,padj_pvn,padj_nvp
"Glycine, serine, alanine and threonine metabolism",0.0034255415792669272,0.7771042818062455,"Glycine, serine, alanine and threonine metabolism",0.005662629957563696,1.0
"Valine, leucine, and isoleucine metabolism",0.0020960585778633713,0.06768365989772927,"Valine, leucine, and isoleucine metabolism",0.005854508441618382,0.34264852823225445
"Transport, lysosomal",0.010499284651891806,0.9384176802604179,"Transport, lysosomal",0.014920036084267303,1.0
Pentose phosphate pathway,0.00862034926899546,0.7812880722052937,Pentose phosphate pathway,0.030358621338636184,1.0
Methionine and cysteine metabolism,0.023489181087630425,0.430960867433895,Methionine and cysteine metabolism,0.030687478517710715,0.5370435424945461
Purine synthesis,0.0058902975746085665,1.0,Purine synthesis,0.03180760690288626,1.0
Urea cycle,0.04095684371529875,0.8839354689378011,Urea cycle,0.04672541325266477,1.0
